basin_id,edge_count,good_edges,uncertain_edges,poor_edges,mean_segment_water_ratio,median_src_distance_km,median_dst_distance_km,same_component_edges,component_on_segment_edges,max_upstream_area_km2,good_edge_ratio,poor_edge_ratio,same_component_ratio,component_on_segment_ratio
45635,4026,3464,426,136,0.4344522127674147,0.30895715893741926,0.3074996531169522,3420,3918,1451150.409728,0.8604073522106309,0.03378042722305018,0.849478390461997,0.9731743666169895
53208,2834,2329,387,118,0.3520809793460915,0.3731193080863383,0.3712691353867179,2454,2766,1915572.322304,0.8218066337332393,0.04163726182074806,0.8659139026111503,0.9760056457304164
47784,2449,1939,311,199,0.39346043122055874,0.3786344426528529,0.3783065168592852,2109,2269,1575191.052288,0.791751735402205,0.08125765618619844,0.86116782360147,0.9265006124948959
53394,2410,2041,228,141,0.42729626292645767,0.3429029633785871,0.34141544307108884,2062,2295,1865084.305408,0.8468879668049792,0.05850622406639004,0.8556016597510373,0.9522821576763485
55556,1450,1418,31,1,0.31302959102470657,0.28106835589947415,0.2802708824042629,1434,1449,547723.378688,0.9779310344827586,0.000689655172413793,0.9889655172413793,0.9993103448275862
47328,966,368,213,385,0.17012174050730616,0.9717309129901758,0.9870223703035053,570,637,639435.931648,0.38095238095238093,0.39855072463768115,0.5900621118012422,0.6594202898550725
49905,702,612,90,0,0.39027349609304524,0.36855694490861285,0.36855694490861285,644,702,773729.091584,0.8717948717948718,0.0,0.9173789173789174,1.0
46924,544,454,74,16,0.3529347457911805,0.3980095977700364,0.3980095977700364,470,535,308100.988928,0.8345588235294118,0.029411764705882353,0.8639705882352942,0.9834558823529411
48358,392,339,45,8,0.42822478004880504,0.3642204884247551,0.35911118027503586,358,389,377395.740672,0.8647959183673469,0.02040816326530612,0.9132653061224489,0.9923469387755102
51254,379,339,34,6,0.32878624121118327,0.3771991968404479,0.3776868083181953,351,375,379307.360256,0.8944591029023746,0.0158311345646438,0.9261213720316622,0.9894459102902374
47073,339,269,26,44,0.5470045993467397,0.365578235322362,0.3591006389607133,296,307,402922.242048,0.7935103244837758,0.12979351032448377,0.8731563421828908,0.9056047197640118
48600,311,213,90,8,0.23219657897442975,0.375596748409516,0.376298069920686,284,306,281002.47552,0.684887459807074,0.02572347266881029,0.9131832797427653,0.9839228295819936
50090,160,127,33,0,0.31265086311239687,0.3859797790632254,0.38518740176445215,139,160,138841.94816,0.79375,0.0,0.86875,1.0
49203,156,121,27,8,0.42515869020649294,0.4241157806209229,0.41574552358727657,127,151,154538.47552,0.7756410256410257,0.05128205128205128,0.8141025641025641,0.967948717948718
47435,141,140,1,0,0.41491259158860516,0.3472770793355689,0.3443133750089452,141,141,135625.580544,0.9929078014184397,0.0,1.0,1.0
48097,122,101,21,0,0.37743242236586094,0.3001183179980941,0.29003422024637104,95,122,153076.69504,0.8278688524590164,0.0,0.7786885245901639,1.0
47744,97,24,5,68,0.17031059784521738,8.313658720723941,7.757057238981107,58,40,80090.447872,0.24742268041237114,0.7010309278350515,0.5979381443298969,0.41237113402061853
46339,94,90,4,0,0.3962565970917059,0.3864163270142854,0.38691363316912636,93,94,95526.248448,0.9574468085106383,0.0,0.9893617021276596,1.0
54326,90,86,4,0,0.4052995862351968,0.3521921330918696,0.3500020745193324,87,90,63692.36992,0.9555555555555556,0.0,0.9666666666666667,1.0
47989,85,52,30,3,0.43987931250009293,0.4412189490920382,0.4281453330584557,47,84,109056.221184,0.611764705882353,0.03529411764705882,0.5529411764705883,0.9882352941176471
46891,52,46,6,0,0.3292124672623865,0.386213613046245,0.386213613046245,44,52,78079.025152,0.8846153846153846,0.0,0.8461538461538461,1.0
46366,52,42,10,0,0.3706348598488916,0.37292450989308357,0.37292450989308357,45,52,63734.784,0.8076923076923077,0.0,0.8653846153846154,1.0
47737,47,46,1,0,0.686089669873358,0.3669758800961994,0.3714909298260995,46,47,44765.175808,0.9787234042553191,0.0,0.9787234042553191,1.0
47987,46,35,11,0,0.31857513952195676,0.39923613451442996,0.39818479522394534,29,46,69399.773184,0.7608695652173914,0.0,0.6304347826086957,1.0
56745,42,42,0,0,0.3786561102696395,0.29781515659861596,0.29781515659861596,42,42,60953.243648,1.0,0.0,1.0,1.0
52405,38,38,0,0,0.3466154401441668,0.35458754173363705,0.35458754173363705,38,38,60836.814848,1.0,0.0,1.0,1.0
48314,32,0,1,31,0.0007331258191349906,22.91381772333854,21.0073495564517,21,2,29717.303296,0.0,0.96875,0.65625,0.0625
50073,27,15,12,0,0.26095924712115137,0.4064602301856199,0.3381878487485014,19,27,29375.67232,0.5555555555555556,0.0,0.7037037037037037,1.0
48076,25,14,11,0,0.2327961748225443,0.338302285595343,0.338302285595343,19,25,21749.11488,0.56,0.0,0.76,1.0
49879,24,0,0,24,0.0,42.63544432514884,42.63544432514884,18,0,44937.25696,0.0,1.0,0.75,0.0
51649,23,3,6,14,0.11045154284143481,3.110177299613369,3.0023278285778687,8,10,25901.57824,0.13043478260869565,0.6086956521739131,0.34782608695652173,0.43478260869565216
54996,21,21,0,0,0.3737967001789748,0.3277628852971119,0.2997737817822208,21,21,34264.645632,1.0,0.0,1.0,1.0
47828,21,0,2,19,0.013042897667380215,16.843324915310085,16.843324915310085,18,5,30841.708544,0.0,0.9047619047619048,0.8571428571428571,0.23809523809523808
51810,20,19,1,0,0.30022555738041556,0.440761308006389,0.4425641312416341,20,20,29321.74848,0.95,0.0,1.0,1.0
55474,19,19,0,0,0.32158067550913644,0.4325901101326647,0.4325901101326647,19,19,23381.99552,1.0,0.0,1.0,1.0
46148,18,6,6,6,0.15832328524089048,1.1269608627647956,0.8560691773133453,6,15,17600.493568,0.3333333333333333,0.3333333333333333,0.3333333333333333,0.8333333333333334
53221,16,16,0,0,0.3764102166725053,0.4185736011816077,0.4185736011816077,16,16,28041.228288,1.0,0.0,1.0,1.0
50031,16,16,0,0,0.3940672299563104,0.39635756686698426,0.39635756686698426,16,16,27238.31808,1.0,0.0,1.0,1.0
49153,15,15,0,0,0.837083673277697,0.3062926787648858,0.3051966879756868,15,15,29585.207296,1.0,0.0,1.0,1.0
48817,15,14,1,0,0.37173498936186866,0.4024424528725683,0.3960468753830871,15,15,17891.459072,0.9333333333333333,0.0,1.0,1.0
50434,14,0,1,13,0.02460360852925095,36.119727737878826,36.119727737878826,13,2,28592.10752,0.0,0.9285714285714286,0.9285714285714286,0.14285714285714285
54639,14,14,0,0,0.6145777928317857,0.3207831025701965,0.29865809445229835,14,14,20243.007488,1.0,0.0,1.0,1.0
49048,13,10,3,0,0.5095194202990553,0.2563687732617142,0.3156311806252779,8,13,32253.472768,0.7692307692307693,0.0,0.6153846153846154,1.0
49677,13,2,1,10,0.08250595092010146,15.353101039833096,15.353101039833096,9,4,30546.049024,0.15384615384615385,0.7692307692307693,0.6923076923076923,0.3076923076923077
56096,12,10,2,0,0.3675635203107321,0.38279244819764235,0.36240668429937084,11,12,16283.131904,0.8333333333333334,0.0,0.9166666666666666,1.0
46907,12,4,7,1,0.17255511779122623,0.8053180797767401,0.7471403033422785,3,12,13417.468928,0.3333333333333333,0.08333333333333333,0.25,1.0
47703,11,0,3,8,0.019203091075107,9.22621122778579,4.398452267939893,7,4,35545.665536,0.0,0.7272727272727273,0.6363636363636364,0.36363636363636365
46680,11,5,3,3,0.23401693889897154,0.5089686320742555,0.3568179293386798,3,9,13235.294208,0.45454545454545453,0.2727272727272727,0.2727272727272727,0.8181818181818182
46959,10,7,3,0,0.23953934934625476,0.7647195587214037,0.7647195587214037,1,10,17743.798272,0.7,0.0,0.1,1.0
47892,10,10,0,0,0.466175250702344,0.2946972546329826,0.2267994533306555,10,10,14705.677312,1.0,0.0,1.0,1.0
46756,10,3,5,2,0.2893831010473267,1.2120582289666337,0.488867892039781,4,8,12616.177664,0.3,0.2,0.4,0.8
48934,9,0,0,9,0.0,39.20147841971839,39.20147841971839,8,0,17486.557184,0.0,1.0,0.8888888888888888,0.0
48113,9,3,1,5,0.19204410681350292,1.6711892240275348,1.6711892240275348,5,6,14129.224704,0.3333333333333333,0.5555555555555556,0.5555555555555556,0.6666666666666666
50658,9,9,0,0,0.4121960692160176,0.4030634398891408,0.4030634398891408,8,9,13289.975808,1.0,0.0,0.8888888888888888,1.0
49878,7,4,1,2,0.34526447055248904,4.031625873393498,0.4186572586722435,6,5,39496.892416,0.5714285714285714,0.2857142857142857,0.8571428571428571,0.7142857142857143
47791,7,1,1,5,0.1892843390725562,6.494402954737312,6.494402954737312,3,3,24638.490624,0.14285714285714285,0.7142857142857143,0.42857142857142855,0.42857142857142855
47717,7,7,0,0,0.9025054932090664,0.2039072048203717,0.2446759520690182,7,7,23764.461568,1.0,0.0,1.0,1.0
52826,7,7,0,0,0.40023873454047215,0.3953703730281236,0.2424060457160906,7,7,17793.447936,1.0,0.0,1.0,1.0
50153,6,0,0,6,0.0,91.48380572579157,93.85955364484275,5,0,30153.865216,0.0,1.0,0.8333333333333334,0.0
46797,6,6,0,0,1.0,0.28641507144560585,0.28641507144560585,6,6,21873.164288,1.0,0.0,1.0,1.0
47243,5,4,0,1,0.7366472716077889,0.4184487242321079,0.4184487242321079,4,5,17183.36512,0.8,0.2,0.8,1.0
48176,4,2,1,1,0.4468703148425787,2.634606575291894,0.4166434445091197,1,3,20141.283328,0.5,0.25,0.25,0.75
51193,3,0,0,3,0.0,8.602284584896525,6.653676096927423,2,0,18232.90368,0.0,1.0,0.6666666666666666,0.0
49299,2,0,1,1,0.0568181818181818,6.394488900086014,1.1961662964670094,1,1,23893.608448,0.0,0.5,0.5,0.5
47741,2,2,0,0,1.0,0.29221996694724395,0.4142804067689704,2,2,13544.997888,1.0,0.0,1.0,1.0
50892,2,0,1,1,0.06894090779331995,3.331357036532014,0.5213486123920504,0,2,12806.8352,0.0,0.5,0.0,1.0
47181,2,2,0,0,0.9816425120772947,0.28205902627033635,0.34968601200624455,2,2,12454.243328,1.0,0.0,1.0,1.0
57826,2,1,1,0,0.2080971659919028,0.46713390135066846,0.5159684718279233,2,2,11528.6272,0.5,0.0,1.0,1.0
57551,2,2,0,0,0.34388185654008435,0.35185138297695345,0.37278573373491014,2,2,10593.51552,1.0,0.0,1.0,1.0
47322,1,1,0,0,1.0,0.4230879959699981,0.408007273281146,1,1,18885.300224,1.0,0.0,1.0,1.0
48284,1,1,0,0,0.5227272727272727,0.138557863055055,0.4714090158273393,1,1,18758.578176,1.0,0.0,1.0,1.0
48520,1,1,0,0,1.0,0.3990704485257495,0.4802670151563424,1,1,14133.981184,1.0,0.0,1.0,1.0
52031,1,1,0,0,0.5555555555555556,0.412728470636713,0.3569576569522446,1,1,13713.741824,1.0,0.0,1.0,1.0
50767,1,0,0,1,0.0,4.991453931883688,5.441861698253235,1,0,13522.743296,0.0,1.0,1.0,0.0
50584,1,0,0,1,0.0,26.75629880405552,26.54668866127792,1,0,12765.1328,0.0,1.0,1.0,0.0
47755,1,1,0,0,1.0,0.4770817166638332,0.1450749355619631,1,1,10647.591936,1.0,0.0,1.0,1.0
47248,1,1,0,0,0.2662337662337662,0.2680700541502603,0.4155862676362307,1,1,10605.309952,1.0,0.0,1.0,1.0
